{
  "polygon": "Polygon",
  "solana": "Solana",
  "cryptoGuide": "加密貨幣指南",
  "bankerGuide": "莊家優勢指南",
  "vip": "88Market VIP 指南",
  "operationGuide": "操作指南",
  "supportCrypto": "支持的加密貨幣",
  "depositsAndWithdrawals": "存取和提款",
  "payment": "付款信息",
  "service": "服務條款",
  "aml": "反洗錢政策",
  "privacy": "隱私政策",
  "aff": "聯盟計畫",
  "aboutUs": "關於我們",
  "onlineSupport": "在線支持",
  "fairness": "公平性",
  "helpcenter": "幫助中心",
  "miniGame": "小遊戲",
  "support": "支持",
  "slotGame": "老虎機",
  "casino": "娛樂城",
  "recentAvtivity": "最近的活動",
  "sellHeightest": "本周銷售最高",
  "showMore": "顯示更多",
  "statusFilter": "狀態過濾",
  "sort": "排序條件",
  "collect": "收藏",
  "russian": "俄羅斯",
  "search": "搜索",
  "politic": "政治",
  "famouspeople": "名人",
  "wallet": "錢包",
  "login": "登錄",
  "signup": "註冊",
  "election": "選舉",
  "all": "全部",
  "popCulture": "流行文化",
  "business": "商業",
  "crypto": "加密貨幣",
  "new": "最新",
  "usdc": "穩定幣",
  "ukraine": "烏克蘭",
  "musk": "馬斯克",
  "eth": "以太坊",
  "sport": "體育",
  "darkMode": "日夜模式",
  "help": "幫助",
  "earn": "賺錢",
  "rank": "排行榜",
  "live": "進行中",
  "game": "休閒遊戲",
  "market": "預測市場"
}