{
  "polygon": "Polygonf",
  "solana": "Solana",
  "cryptoGuide": "Cryptocurrency Guide",
  "bankerGuide": "House Edge Guide",
  "vip": "88Market VIP Guide",
  "operationGuide": "Operation guide",
  "supportCrypto": "Supported cryptocurrencies",
  "depositsAndWithdrawals": "Deposits and withdrawals",
  "payment": "Payment information",
  "service": "Terms of Service",
  "aml": "Anti-Money Laundering Policy",
  "privacy": "Privacy policy",
  "aff": "Alliance Program",
  "aboutUs": "About Us",
  "onlineSupport": "Online support",
  "fairness": "Fairness",
  "helpcenter": "Help Center",
  "miniGame": "Mini Games",
  "support": "Support",
  "slotGame": "Slot Games",
  "casino": "Casino",
  "recentAvtivity": "Recent Activities",
  "sellHeightest": "Highest sales this week",
  "showMore": "More",
  "statusFilter": "Status",
  "sort": "Sort",
  "collect": "Collect",
  "russian": "Russia",
  "search": "search",
  "politic": "Politics",
  "famouspeople": "Celebrity",
  "wallet": "Wallet",
  "login": "Login",
  "signup": "Register",
  "election": "Election",
  "all": "All",
  "popCulture": "Pop Culture",
  "business": "Business",
  "crypto": "Crypto",
  "new": "New",
  "usdc": "Stablecoin",
  "ukraine": "Ukraine",
  "musk": "Musk",
  "eth": "Ethereum",
  "sport": "Sport",
  "darkMode": "Dark Mode",
  "help": "Help",
  "earn": "Earn",
  "rank": "Rank",
  "live": "Live",
  "game": "Game",
  "market": "Market"
}